latitude,longitude
39.9,116.32
39.97,116.32
39.95,116.47
39.97,116.45
39.93,116.46
39.92,116.36
39.91,116.43
40.1,116.29
39.91,116.42
39.98,116.49
39.91,116.45
39.99,116.42
39.89,116.45
39.93,116.44
39.91,116.38
40.05,116.36
39.89,116.66
39.91,116.28
40.08,116.6
39.82,116.3
40,116.48
39.99,116.43
39.95,116.46
39.91,116.31
39.94,116.4
39.78,116.53
39.91,116.41
39.9,116.42
39.93,116.46
39.91,116.48
40.08,116.59
39.92,116.41
39.9,116.4
39.86,116.44
40.04,116.31
39.96,116.38
40,116.49
39.9,116.32
39.87,116.31
39.88,116.49
39.91,116.37
39.96,116.47
39.91,116.45
39.95,116.55
39.91,116.46
40,116.49
39.93,116.45
39.99,116.48
39.9,116.43
39.95,116.32
39.92,116.45
39.91,116.3
39.93,116.36
39.98,116.32
39.87,116.43
40.03,116.42
39.9,116.38
39.89,116.46
40.65,117.28
39.91,116.44
39.89,116.27
39.91,116.64
40.02,116.47
39.91,116.35
39.87,116.39
39.69,116.32
39.91,116.46
39.91,116.37
40.04,116.51
39.92,116.46
39.91,116.47
39.82,116.37
40.09,116.53
39.91,116.36
39.91,116.41
39.92,116.42
39.93,116.39
39.87,116.38
39.92,116.45
39.91,116.36
39.9,116.42
39.91,116.3
39.88,116.67
39.98,116.31
39.97,116.41
39.98,116.48
39.79,116.33
39.92,116.46
39.94,116.45
39.81,116.5
40.06,116.62
39.89,116.66
39.92,116.43
39.87,116.36
39.96,116.46
39.92,116.37
39.74,116.14
39.91,116.28
39.92,116.44
39.89,116.34
39.92,116.46
39.99,116.41
40.03,116.35
39.96,116.46
39.92,116.52
40.06,116.62
39.93,116.46
39.91,116.45
39.84,116.39
39.86,116.38
39.93,116.52
39.92,116.43
39.96,116.29
39.98,116.32
39.91,116.47
40.05,116.3
39.92,116.17
39.88,116.3
39.91,116.49
39.96,116.29
39.98,116.31
39.91,116.41
39.91,116.44
39.97,116.45
39.86,116.38
40,116.35
39.91,116.47
39.91,116.48
40.09,116.54
39.77,116.36
40.05,116.3
39.82,116.29
39.98,116.32
39.79,116.34
39.92,116.36
39.94,116.44
39.92,116.42
39.97,116.44
39.96,116.46
39.87,116.29
40.06,116.55
39.95,116.46
40.32,116.63
39.95,116.48
39.99,116.34
39.86,116.38
39.92,116.44
39.99,116.41
39.92,116.52
39.98,116.33
39.99,116.41
39.97,116.46
39.92,116.46
39.92,116.46
39.91,116.23
40.05,116.3
39.81,116.46
39.92,116.46
39.91,116.47
39.91,116.48
40,116.29
39.89,116.48
39.84,116.29
39.83,116.29
39.92,116.45
40.03,116.33
40,116.39
39.95,116.46
39.98,116.31
40,116.47
40.06,116.42
39.96,116.46
40.06,116.62
39.91,116.46
39.94,116.43
39.91,116.46
39.95,116.46
39.92,116.36
39.91,116.46
39.9,116.42
39.89,116.38
39.87,116.38
40.05,116.43
39.91,116.36
39.89,116.42
39.97,116.41
39.91,116.35
39.97,116.49
39.93,116.45
39.95,116.36
39.92,116.36
39.76,116.19
40.01,116.38
40.23,116.19
39.9,116.46
39.92,116.44
40.05,116.56
39.93,116.32
40.13,116.65
39.91,116.46
39.99,116.48
39.76,116.16
39.9,116.25
40.06,116.61
39.92,116.49
39.86,116.45
39.9,116.42
39.98,116.48
39.94,116.35
40.08,116.61
39.98,116.46
39.93,116.6
39.91,116.41
40.07,116.35
39.94,116.33
40.08,116.61
39.91,116.37
39.92,116.6
40.04,116.4
39.99,116.33
39.96,116.44
39.91,116.48
39.96,116.29
39.94,116.45
40.08,116.59
39.84,116.38
39.79,116.51
39.91,116.35
40.06,116.41
39.73,116.34
39.95,116.42
39.9,116.39
39.99,116.47
40.07,116.55
39.97,116.82
39.95,116.86
39.14,117.21
39.14,117.21
39.16,117.43
39.13,117.36
39.13,117.22
39.12,117.18
39.14,117.18
39.14,117.19
39.12,117.21
39.01,117.68
39.03,117.73
39.1,117.22
39.14,117.17
39.12,117.2
39.02,117.7
39.14,117.22
39.12,117.2
39.09,117.21
39.13,117.21
39.12,117.2
39.15,117.17
39.12,117.2
39.11,117.16
39.08,117.21
39,117.7
39.02,117.67
39.08,117.17
39.18,117.21
39.09,117.12
39.12,117.22
39.1,117.2
39.12,117.22
39.12,117.19
39.02,117.22
39.1,117.24
39.12,117.21
39.14,117.2
39.38,117.01
39.37,117.07
39.14,117.18
39.09,117.21
39.12,117.26
39.11,117.2
39.11,117.22
39.14,117.09
39.16,117.4
39.11,117.22
39.06,117.22
39.12,117.19
39.03,117.22
39.13,117.18
39.14,117.19
39.03,117.69
39.13,117.19
38.99,117.39
39.08,117.17
39.04,117.22
39.13,117.2
38.87,115.47
38.86,115.49
38.89,115.47
39.63,118.18
39.62,118.19
39.63,118.18
39.63,118.17
39.52,116.71
39.52,116.71
39.54,116.68
40.82,114.89
40.97,117.94
38.04,114.5
38.05,114.51
38.04,114.48
38.04,114.49
38.04,114.53
38.02,114.54
38.04,114.51
39.95,119.58
39.93,119.6
39.93,119.6
37.06,114.49
36.63,114.52
37.87,112.57
37.88,112.56
37.87,112.55
37.82,112.56
37.82,112.56
37.86,112.57
37.82,112.56
37.87,112.57
40.66,109.82
40.66,109.85
40.66,109.81
40.66,109.84
40.83,111.71
40.81,111.67
40.82,111.67
40.84,111.74
38.92,121.64
38.92,121.63
38.91,121.61
38.86,121.53
38.92,121.65
38.96,121.54
38.92,121.64
38.91,121.59
38.99,121.59
38.91,121.61
38.91,121.61
38.86,121.53
38.99,121.59
38.88,121.54
38.92,121.63
39.1,121.72
38.92,121.63
38.92,121.64
38.92,121.63
38.92,121.64
38.9,121.59
39.05,121.78
38.96,121.54
38.93,121.61
39.06,121.78
41.86,123.9
41.78,123.43
41.84,123.62
41.75,123.4
41.79,123.41
41.78,123.36
41.84,123.42
41.79,123.4
41.81,123.44
41.76,123.44
41.64,123.49
41.81,123.38
41.74,123.46
41.73,123.46
41.79,123.4
41.78,123.43
41.81,123.38
41.8,123.47
41.8,123.46
41.81,123.43
41.8,123.46
41.83,123.38
41.79,123.4
41.8,123.37
41.8,123.46
41.12,122.08
41.1,122.08
40.27,122.13
40.67,122.24
41.11,122.98
41.11,123
41.11,122.99
43.85,126.57
43.85,126.59
42.91,129.51
43.89,125.32
43.9,125.34
43.87,125.32
43.87,125.3
43.84,125.24
43.89,125.32
43.84,125.24
43.89,125.33
43.91,125.32
43.82,125.41
45.77,126.62
45.78,126.62
45.72,126.61
45.74,126.68
45.74,126.56
45.73,126.59
45.7,126.59
45.76,126.64
45.72,126.65
45.76,126.7
45.75,126.7
45.77,126.62
45.77,126.62
45.79,126.68
46.59,125.09
46.64,124.89
31.27,121.54
31.2,121.6
31.15,121.35
31.32,121.45
31.28,121.51
31.23,121.53
31.31,121.54
31.2,121.48
31.26,121.48
31.4,121.49
31.24,121.43
31.02,121.2
31.15,121.81
31.22,121.46
31.62,121.4
31.21,121.6
31.15,121.23
31.23,121.48
31.38,121.5
31.26,121.51
31.23,121.52
31.21,121.56
31.21,121.47
30.84,121.32
31.23,121.56
31.23,121.36
31.2,121.31
31.34,121.45
31.23,121.47
31.15,121.13
31.19,121.44
31.15,121.8
31.16,121.67
31.23,121.48
31.01,121.4
31.22,121.53
31.25,121.51
31.19,121.61
31.21,121.4
31.24,121.45
31.03,121.22
31.18,121.5
31.18,121.7
31.26,121.58
31.23,121.47
31.21,121.41
31.23,121.36
30.93,121.46
31.19,121.4
31.25,121.46
31.2,121.42
31.2,121.59
30.75,121.34
31.18,121.61
31.22,121.46
31.23,121.52
31.04,121.46
31.29,121.44
31.33,121.44
31.32,121.51
31.27,121.47
31.24,121.42
31.21,121.52
31.3,121.52
31.24,121.37
31.24,121.41
31.28,121.54
31.22,121.45
30.89,121.02
31.23,121.48
31.18,121.44
31.19,121.32
31.24,121.46
31.2,121.31
31.16,121.68
31.19,121.3
31.23,121.45
31.17,121.42
31.18,121.37
31.12,121.62
31.2,121.45
31.22,121.47
31.26,121.48
31.4,121.35
31.15,121.11
31.18,121.39
31.3,121.33
31.29,121.61
31.23,121.51
31.17,121.41
31.22,121.54
31.15,121.81
31.25,121.49
31.13,121.4
31.22,121.52
31.19,121.38
31.38,121.25
31.15,121.8
31.19,121.44
31.23,121.45
31.28,121.35
31.21,121.41
31.19,121.4
31.15,121.35
31.15,121.81
31.15,121.81
31.21,121.59
31.15,121.49
31.26,121.63
31.31,121.51
31.03,121.2
31.24,121.5
31.26,121.5
31.14,121.66
31.26,121.47
31.22,121.45
31.23,121.52
31.29,121.48
31.3,121.51
31.39,121.36
31.24,121.5
31.31,121.51
31.24,121.44
31.23,121.49
31.22,121.42
31.19,121.44
31.27,121.59
30.87,121.82
31.21,121.53
31.08,121.5
31.2,121.39
31.33,121.28
31.22,121.35
31.22,121.47
31.24,121.5
31.26,121.42
31.09,121.52
31.2,121.7
31.25,121.48
31.14,121.09
31.23,121.43
30.91,121.82
30.76,121.33
31.14,121.39
31.26,121.49
31.11,121.06
31.2,121.4
31.2,121.39
31.17,121.37
31.25,121.38
31.19,121.39
31.21,121.45
31.15,121.8
31.2,121.6
31.2,121.43
31.24,121.47
31.16,121.57
31.24,121.51
31.18,121.49
31.23,121.51
31.29,121.48
31.24,121.39
31.17,121.43
31.4,121.48
31.21,121.43
31.28,121.41
31.23,121.52
31.27,121.41
31.21,121.47
31.2,121.31
31.23,121.53
31.2,121.43
31.21,121.29
31.19,121.54
31.23,121.23
31.39,121.24
31.24,121.48
31.2,121.4
31.22,121.47
31.22,121.45
31.24,121.42
31.22,121.49
31.05,121.23
31.22,121.45
31.29,121.16
31.2,121.47
31.14,121.51
31.17,121.4
31.24,121.5
31.23,121.36
31.19,121.39
31.27,121.34
31.22,121.35
31.28,121.44
31.22,121.45
31.12,121.46
31.39,121.49
31.23,121.54
31.19,121.44
31.3,121.44
31.31,121.61
31.35,121.26
31.25,121.46
31.28,121.44
31.24,121.51
31.3,121.46
31.22,121.46
31.22,121.4
31.23,121.56
30.94,121.46
31.24,121.38
31.23,121.49
31.14,121.36
31.2,121.44
31.32,121.39
31.23,121.52
31.23,121.47
31.15,121.56
31.4,121.51
31.26,121.52
31.16,121.51
31.21,121.49
31.25,121.51
31.19,121.31
31.29,121.52
31.23,121.38
31.23,121.46
31.3,121.52
31.22,121.47
31.22,121.53
31.22,121.46
31.24,121.48
31.21,121.39
31.23,121.5
31.35,121.26
31.24,121.5
31.21,121.42
31.33,121.44
31.22,121.44
31.36,121.37
31.14,121.45
31.16,121.4
31.23,121.48
31.25,121.49
31.24,121.51
31.04,121.22
31.19,121.33
31.03,121.39
31.24,121.5
31.23,121.48
31.39,121.28
31.22,121.41
31.19,121.49
31.19,121.35
31.22,121.53
31.18,121.49
31.22,121.46
31.22,121.35
31.22,121.42
31.16,121.35
31.22,121.5
31.21,121.4
31.22,121.44
31.34,121.59
31.2,121.43
31.2,121.4
31.05,121.22
31.04,121.22
31.15,121.32
31.23,121.46
31.15,121.81
31.35,121.59
31.22,121.48
31.19,121.32
31.23,121.48
31.21,121.56
31.15,121.11
31.23,121.48
31.23,121.53
30.92,121.48
31.29,121.19
31.2,121.42
31.27,121.61
31.13,121.61
31.23,121.46
31.23,121.45
31.21,121.45
31.28,121.52
31.24,121.44
31.23,121.48
31.3,121.46
31.17,121.5
31.26,121.37
31.22,121.45
31.32,121.5
31.27,121.48
31.35,121.57
31.34,121.5
31.23,121.49
31.23,121.46
31.27,121.17
31.2,121.44
31.22,121.53
31.23,121.46
31.2,121.42
31.32,121.45
31.19,121.44
31.26,121.5
31,121.23
31.2,121.6
31.21,121.4
31.24,121.5
31.16,121.67
31.13,121.43
31.22,121.53
31.22,121.42
31.28,121.61
31.26,121.58
30.73,121.35
31.15,121.43
31.19,121.46
31.18,121.42
31.24,121.5
31.22,121.46
31.21,121.39
31.24,121.49
30.92,121.49
31.16,121.36
31.22,121.38
31.17,121.4
31.17,121.4
31.24,121.51
31.2,121.44
31.25,121.45
31.19,121.42
31.26,121.62
31.25,121.46
31.09,121.32
31.21,121.47
31.27,121.53
31.16,121.37
31.3,121.51
31.17,121.43
31.21,121.47
31.23,121.38
31.09,121.4
31.18,121.44
31.2,121.55
31.23,121.45
31.03,121.69
31.24,121.58
31.1,121.51
31.19,121.46
31.32,121.45
31.06,121.24
31.23,121.48
31.15,121.4
31.19,121.32
31.1,121.35
31.24,121.32
31.21,121.48
31.29,121.51
31.35,121.37
31.16,121.4
31.24,121.45
31.29,121.32
31.26,121.46
31.21,121.4
31.22,121.47
31.26,121.51
31.16,121.43
31.34,121.44
31.24,121.47
30.91,121.46
31.23,121.43
31.27,121.54
31.19,121.46
31.24,121.68
31.24,121.51
31.33,121.51
31.23,121.48
31.22,121.45
31.17,121.34
31.22,121.47
31.2,121.43
31.12,121.58
31.23,121.41
31.32,121.52
31.22,121.45
31.2,121.42
31.1,121.4
31.23,121.5
31.2,121.77
31.27,121.56
31.24,121.44
31.24,121.47
31.16,121.35
31.05,121.76
31.02,121.23
31.17,121.45
31.26,121.51
31.22,121.45
31.23,121.54
31.22,121.36
31.23,121.46
31.27,121.41
31.26,121.34
31.19,121.44
31.18,121.43
31.24,121.48
31.24,121.49
31.2,121.46
31.21,121.43
31.19,121.33
31.17,121.38
31.09,121.39
31.18,121.42
31.19,121.44
31.29,121.54
31.26,121.59
31.2,121.45
31.21,121.4
31.15,121.39
31.21,121.4
31.29,121.22
31.11,121.38
31.32,121.38
31.21,121.41
31.28,121.62
31.23,121.52
31.19,121.33
31.25,121.44
31.1,121.41
31.24,121.49
31.24,121.52
31.27,121.45
31.11,121.39
31.23,121.52
31.29,121.49
31.24,121.42
31.25,121.47
31.22,121.53
31.23,121.47
31.22,121.37
31.2,121.59
31.37,121.44
31.28,121.45
31.22,121.48
31.21,121.48
31.2,121.44
31.38,121.26
31.26,121.61
31.23,121.55
31.2,121.48
31.24,121.48
31.18,121.44
31.31,121.59
31.3,121.52
31.15,121.81
31.21,121.41
31.3,121.53
31.24,121.48
31.23,121.47
31.23,121.52
31.24,121.5
31.23,121.47
31.15,121.81
31.31,121.52
31.23,121.48
31.31,121.32
31.26,121.53
31.27,121.48
31.3,121.32
31.26,121.54
31.3,121.51
31.11,121.38
31.21,121.4
31.37,121.43
31.2,121.43
31.22,121.36
31.23,121.44
31.21,121.46
31.18,121.41
31.32,121.47
31.22,121.47
31.18,121.53
31.2,121.49
31.23,121.51
31.23,121.45
31.22,121.47
31.18,121.49
31.24,121.47
31.24,121.51
31.27,121.48
31.22,121.43
31.29,121.52
30.73,121.33
31.22,121.46
31.22,121.53
31.25,121.5
31.22,121.43
31.32,121.49
31.22,121.51
31.23,121.45
31.21,121.41
31.23,121.47
31.24,121.48
31.21,121.36
31.21,121.47
31.24,121.49
31.28,121.42
31.21,121.63
31.19,121.43
31.19,121.42
31.11,121.57
31.26,121.5
31.25,121.48
30.89,121.17
31.22,121.42
31.25,121.49
31.16,121.38
31.23,121.47
31.02,121.26
31.22,121.45
31.11,121.4
31.17,121.43
31.04,121.74
31.2,121.48
31.22,121.54
31.22,121.53
31.21,121.55
31.19,121.45
31.28,121.47
31.23,121.43
31.24,121.59
31.21,121.37
31.21,121.53
31.16,121.4
31.18,121.53
31.19,121.44
31.19,121.44
31.22,121.4
31.3,121.49
31.28,121.59
31.22,121.55
31.2,121.28
31.21,121.56
31.25,121.61
31.23,121.48
29.89,121.6
31.27,121.61
31.64,120.75
31.69,119.95
32.06,118.81
31.88,121.17
32.31,121.18
31.89,121.19
32.01,120.88
31.88,120.55
31.31,120.67
31.35,120.98
31.99,118.79
32.05,118.89
31.99,118.73
32.03,119.05
32.01,118.79
32.05,118.77
32.03,118.74
32.07,118.77
32.03,118.78
32.34,118.84
31.93,118.82
32.07,118.78
32.03,118.74
31.32,118.87
32.03,118.74
31.95,118.84
32.04,118.8
32.04,118.79
32,118.71
31.32,118.88
31.93,118.82
31.87,118.83
32,118.73
32.14,118.72
32.11,118.7
32.06,118.78
32.04,118.78
31.91,118.75
32.07,118.78
32.02,118.79
31.91,118.9
32.07,118.78
32.04,118.78
32.1,118.81
32.04,118.78
31.95,118.82
32.04,118.79
32.04,118.78
32.06,118.79
31.97,118.8
32.02,118.79
32,118.73
32.04,118.78
31.77,118.87
32.07,118.78
31.97,118.8
32.02,118.79
31.77,118.87
32.01,118.77
32.05,118.75
32.23,118.76
32.03,118.73
32.04,118.78
32.04,118.8
32.07,118.65
32.04,118.78
31.93,118.82
32.06,118.79
32.09,118.79
32.04,118.78
32,118.72
32.05,118.8
32.04,118.87
31.95,118.82
31.94,118.82
32.02,118.79
32.06,118.74
32.01,118.73
32.04,118.79
32.05,118.74
32.06,118.78
32.04,118.79
31.93,118.82
32.39,120.55
32.02,120.87
31.87,120.99
31.97,120.9
31.8,121.67
31.97,120.89
32.01,120.88
31.81,121.66
31.92,120.95
32.02,120.87
32.54,120.47
32.04,120.86
31.97,120.89
32,120.88
32.05,120.86
32.04,120.83
32.02,120.87
32.09,121.07
31.87,120.99
32.39,120.56
31.92,120.94
31.17,120.64
31.44,121.12
31.45,121.11
31.46,121.14
32.51,120.15
31.31,119.81
31.37,119.82
31.36,119.85
33.95,118.29
33.95,118.29
34.1,118.8
33.95,118.3
31.73,119.94
31.78,119.95
31.83,119.98
31.84,119.98
31.73,119.95
31.78,119.95
31.72,119.96
31.7,119.95
31.78,119.96
31.82,119.97
31.78,119.96
31.73,119.59
31.71,119.95
31.78,119.95
31.82,120
31.82,119.97
31.83,119.97
31.72,119.94
31.76,119.96
31.78,119.96
31.79,119.85
31.84,119.98
31.42,119.48
31.77,119.95
31.79,119.89
31.81,119.98
31.64,120.76
31.64,120.74
31.65,120.74
31.67,120.75
31.65,120.76
31.63,120.75
31.87,120.52
31.86,120.55
33.9,117.96
34.26,117.16
34.27,117.2
34.33,117.98
34.19,117.19
34.25,117.24
34.27,117.19
32.24,119.83
32.39,119.44
32.4,119.42
32.39,119.43
32.39,119.43
32.4,119.45
32.36,119.42
32.4,119.43
32.37,119.4
32.39,119.43
32.38,119.4
32.38,119.38
32.42,119.56
31.59,120.34
31.49,120.28
31.58,120.3
31.53,120.38
31.56,120.31
31.36,119.84
31.49,120.31
31.57,120.29
31.49,120.3
31.58,120.39
31.54,120.26
31.58,120.3
31.5,120.43
31.53,120.28
31.61,120.24
31.9,120.28
31.55,120.31
31.51,120.28
31.56,120.27
31.91,120.27
31.58,120.3
31.58,120.3
31.57,120.3
31.55,120.29
31.52,120.46
31.57,120.3
31.55,120.28
31.38,119.82
31.37,119.82
31.57,120.3
31.58,120.31
31.49,120.37
31.59,120.31
31.66,120.32
31.54,120.35
31.59,120.31
31.5,120.28
31.68,120.3
31.54,120.36
31.58,120.3
31.4,120.98
31.38,120.98
31.35,120.96
31.38,121.06
31.38,120.95
31.29,121.15
31.36,120.95
31.38,120.91
31.37,120.96
31.38,120.97
31.11,120.85
31.38,120.96
31.4,120.98
31.38,120.96
31.35,120.97
32.02,118.79
31.32,120.71
31.9,120.25
31.92,120.3
31.9,120.27
32.48,119.92
32.5,119.92
32.47,119.92
32.39,119.9
32.49,119.92
32.5,119.93
32.93,119.84
31.9,121.18
33,118.52
33.6,119.03
33.6,119.05
31.39,119.5
33.34,120.16
33.38,120.12
33.32,120.18
33.36,120.15
32.86,120.32
33.38,120.14
31.26,120.73
31.32,120.72
31.31,120.6
31.36,120.69
31.26,120.55
31.67,120.77
31.26,120.6
31.28,120.64
31.33,120.76
31.12,120.64
31.32,120.73
31.84,120.54
31.3,120.69
31.31,120.65
31.28,120.67
31.32,120.71
31.27,120.75
31.27,120.63
31.03,120.85
31.31,120.6
31.32,120.67
31.3,120.63
31.31,120.63
31.31,120.63
31.86,120.55
31.19,120.61
31.31,120.67
31.25,120.61
31.3,120.61
31.34,120.62
31.32,120.66
30.9,120.62
31.3,120.72
31.31,120.62
31.27,120.87
31.31,120.63
31.14,120.63
31.26,120.52
31.32,120.72
31.29,120.56
31.32,120.68
31.35,120.62
31.3,120.6
31.34,120.42
31.4,120.96
31.32,120.73
31.32,120.66
31.42,120.56
31.28,120.52
31.32,120.71
31.31,120.78
31.32,120.72
31.32,120.76
31.38,120.76
31.33,120.61
31.3,120.56
31.31,120.66
31.31,120.62
31.42,120.64
31.27,120.63
31.26,120.72
31.3,120.74
31.33,120.72
31.37,120.53
31.32,120.7
31.26,120.53
31.32,120.67
31.3,120.62
31.3,120.6
31.31,120.62
31.32,120.67
31.45,121.13
31.33,120.61
31.34,120.82
31.31,120.74
31.86,120.54
31.36,120.61
31.31,120.55
31.3,120.55
31.28,120.54
31.29,120.72
31.28,120.55
31.27,120.63
31.3,120.55
31.28,120.52
31.32,120.6
31.37,120.62
31.29,120.57
31.3,120.55
31.34,120.42
34.6,119.19
34.74,119.37
34.6,119.18
34.62,119.22
31.99,119.57
32.22,119.47
32.2,119.45
32.2,119.44
32.13,119.45
31.81,119.01
32.21,119.45
32,119.61
31.99,119.58
32.01,120.26
32.02,120.27
32.79,119.46
30.26,120.16
30.28,120.04
30.31,120.14
30.31,120.12
29.83,121.57
30.82,120.93
30.65,120.55
29.11,119.66
28.89,119.81
29.3,121.43
30.03,121.15
29.48,121.9
28.01,120.66
30.02,122.12
30.02,120.88
30.03,120.87
29.27,120.24
28.45,119.92
28.46,119.92
28.85,121.14
28.86,121.14
29.31,120.08
29.31,120.07
28.11,120.98
30.07,121.18
29.21,119.45
28.65,121.43
28.65,121.41
28.67,121.44
28.63,121.26
28.64,121.42
29.14,121.03
28.59,121.37
28.62,121.4
28.59,121.37
28.58,121.38
28.88,121.23
30.5,120.67
30.76,120.69
30.84,120.93
30.76,120.71
30.62,120.67
30.74,120.8
30.54,120.95
30.63,120.55
30.76,120.75
30.5,120.69
30.95,120.89
30.62,120.68
30.94,120.89
30.76,120.73
30.52,120.68
30.84,120.92
29.67,121.41
29.66,121.41
29.88,121.57
29.83,121.57
29.87,121.59
29.87,121.55
29.8,121.55
29.82,121.55
29.87,121.56
29.83,121.55
29.89,121.64
29.88,121.55
29.8,121.55
29.88,121.56
29.3,121.44
29.9,121.84
29.87,121.56
29.86,121.62
29.87,121.55
29.3,121.44
29.81,121.55
29.91,121.53
29.81,121.55
29.87,121.57
29.9,121.83
29.87,121.55
29.87,121.54
29.83,121.57
29.81,121.56
29.86,121.55
29.89,121.62
29.87,121.56
29.8,121.54
29.85,121.51
29.87,121.55
29.3,121.43
29.93,121.5
29.87,121.56
29.91,121.85
29.83,121.54
29.87,121.59
29.87,121.55
29.88,121.56
29.91,121.61
29.81,121.55
29.86,121.59
29.87,121.56
29.83,121.55
30.05,121.16
29.88,121.57
29.87,121.55
29.46,121.9
29.9,121.53
29.87,121.57
30.03,121.13
29.89,121.55
29.85,121.54
29.8,121.56
29.93,121.63
29.81,121.58
30.17,121.27
30.17,121.25
30.17,121.26
30.17,121.24
30.18,121.21
30.25,120.05
30.27,120.16
30.21,120.22
30.32,120.14
30.18,120.27
30.33,120.12
30.24,120.21
30.22,120.18
30.27,120.14
30.27,120.14
30.21,120.21
30.24,120.21
30.24,120.11
30.31,120.33
30.18,120.21
30.25,120.21
30.23,120.19
30.42,120.3
30.21,120.2
30.29,120.21
30.33,120.08
30.25,120.16
30.28,120.13
30.35,120.23
30.34,120.29
30.25,120.16
30.25,120.17
30.29,120.11
30.22,119.71
30.23,120.17
30.2,120.25
30.31,120.35
30.31,120.35
29.8,119.69
30.36,120.06
30.25,120.13
30.25,120.22
30.28,120.17
30.29,120.21
30.25,120.16
30.25,120.22
30.15,120.08
29.47,119.28
30.25,120.21
30.26,120.21
30.2,120.2
30.34,120.12
30.27,120.13
30.28,120.02
30.19,120.18
30.25,120.16
30.36,120.03
30.26,120.15
30.29,120.1
30.27,120.09
30.24,120.2
30.29,120.07
30.27,120.16
30.18,120.25
30.29,120.19
30.29,120.21
30.29,120.21
30.3,120.33
30.25,120.13
29.62,119.04
30.24,120.44
30.28,120.16
30.29,120.17
29.84,119.8
30.26,120.2
30.27,120.17
30.3,120.11
30.28,120.15
30.33,120.18
30.3,120.11
30.29,120.12
30.28,120.18
30.27,120.14
30.19,120.17
30.28,120.12
30.26,120.2
30.26,120.17
30.26,120.16
30.26,120.16
30.29,120.18
30.28,120.16
30.25,120.16
30.34,120.09
30.25,120.05
30.27,120.11
30.17,120.27
30.18,120.26
30.21,120.18
30.27,120.16
30.24,120.44
30.26,120.21
29.84,119.8
30.28,120.12
30.25,120.18
30.32,120.17
30.06,119.94
29.79,119.69
30.19,120.15
30.23,120.19
30.33,120.11
30.24,120.11
30.17,120.1
30.24,120.17
30.19,120.17
30.23,120.06
30.25,120.16
30.05,119.93
30.24,120.16
30.42,120.31
30.21,120.22
30.27,120.17
30.21,120.21
28.73,118.63
30.34,120.38
30.49,120.46
30.49,120.47
28.37,121.39
28.37,121.37
28.38,121.39
28.39,121.36
28.04,120.64
27.96,120.6
27.95,120.69
28,120.68
27.6,120.57
28.01,120.66
27.98,120.63
27.95,120.69
28.01,120.66
27.58,120.54
28.01,120.66
27.92,120.81
28,120.71
28.04,120.63
28,120.7
27.62,120.56
28.11,120.97
27.78,120.66
27.95,120.69
27.51,120.43
30.87,120.1
30.87,120.1
30.87,120.1
30.62,119.69
30.87,120.09
30.87,120.12
31.04,119.9
30.86,120.09
30.86,120.41
30.86,120.14
30.64,119.69
31,119.91
30.1,120.64
29.7,120.27
30.08,120.49
30,120.58
30,120.6
30.09,120.51
30.09,120.51
29.59,120.83
30.09,120.49
30.1,120.64
30.01,120.58
30.05,120.85
29.5,120.9
30.03,120.88
29.98,120.58
30,120.6
30,120.59
29.99,120.58
29.99,122.21
29.95,122.37
30.02,122.1
29.97,122.32
29.97,122.32
30.17,120.27
28.96,118.87
28.95,118.87
28.97,118.94
29.72,120.24
29.72,120.24
29.16,120.32
29.25,119.88
29.08,119.65
29.26,120.23
29.1,119.66
29.3,120.07
29.24,119.89
29.31,120.09
29.09,119.68
29.1,119.65
29.28,120.04
31.87,117.34
31.88,117.35
31.74,117.3
31.74,117.29
31.86,117.29
31.86,117.3
31.88,117.32
31.82,117.22
31.85,117.26
31.83,117.23
31.8,117.23
31.81,117.23
31.88,117.27
31.82,117.23
31.88,117.28
31.7,117.3
31.84,117.22
31.86,117.3
31.31,118.37
31.32,118.37
31.33,118.37
31.34,118.37
32.92,117.36
31.68,118.51
31.69,118.51
31.66,118.51
24.53,118.13
24.48,118.03
24.46,118.08
24.53,118.19
24.45,118.08
24.5,118.13
24.69,118.14
24.5,118.18
24.52,118.16
24.5,118.13
24.47,118.11
24.47,118.19
24.43,118.09
24.47,118.09
24.49,118.05
24.49,118.16
24.49,118.12
24.48,118.12
24.48,118.19
24.45,118.08
24.57,118.09
24.62,118.25
24.51,118.16
24.57,118.06
24.48,118.16
24.49,118.11
24.47,118.12
24.73,118.15
24.47,118.09
24.45,118.08
24.47,118.11
26.66,119.55
26.65,119.54
24.74,118.62
24.8,118.57
24.92,118.59
24.74,118.65
24.87,118.65
24.88,118.6
24.81,118.59
24.78,118.57
24.73,118.65
24.88,118.6
24.82,118.57
24.92,118.66
24.89,118.6
24.51,117.67
26.06,119.3
26.06,119.29
25.96,119.5
26.08,119.3
26.13,119.32
26.05,119.32
26.09,119.34
26.06,119.29
25.93,119.67
26.08,119.31
25.72,119.35
26.05,119.34
26.02,119.22
26.04,119.28
26.04,119.28
26.09,119.31
26.09,119.34
25.99,119.47
26.07,119.2
26.07,119.33
26.06,119.29
26.08,119.3
26.05,119.31
25.42,119
25.42,119.03
25.43,119.02
25.06,117.02
25.08,117.02
29.69,115.98
29.7,115.97
28.58,115.8
28.69,115.9
28.58,115.89
28.68,115.85
28.69,115.87
28.69,115.85
28.68,115.89
28.69,115.86
28.67,115.94
28.68,115.9
28.67,115.91
37.46,118.54
35.07,118.33
35.11,118.34
35.06,118.33
37.5,122.12
37.5,122.13
37.43,122.15
37.43,116.37
37.43,116.31
35.42,119.53
36.18,117.09
36.65,117.01
36.66,117.01
36.66,117.03
36.66,117
36.66,117.02
36.68,117.12
36.67,117.13
36.68,117.13
36.68,117.14
36.65,117.08
36.66,117.02
36.66,117
36.85,117.21
36.61,116.98
36.67,117.03
36.65,116.98
35.41,116.59
35.41,116.6
35.43,116.6
36.8,118.06
36.8,118.06
36.85,118.04
36.84,118.03
36.81,118.05
36.7,119.16
36.72,119.13
36.71,119.11
36.72,119.17
37.48,121.45
37.55,121.25
37.54,121.39
37.54,121.38
37.54,121.38
37.47,121.45
37.55,121.39
37.45,121.43
36.06,120.38
36.07,120.4
36.11,120.41
36.11,120.39
36.1,120.46
36.3,120.42
36.27,120.39
36.06,120.39
36.07,120.38
36.09,120.38
36.09,120.46
36.07,120.38
36.17,120.43
36.07,120.39
36.06,120.4
36.07,120.39
35.96,120.19
36.05,120.39
35.95,120.19
36.11,120.45
36.06,120.4
36.17,120.43
36.28,120.01
36.07,120.38
36.16,120.43
36.3,120.4
36.11,120.39
36.1,120.47
34.61,112.45
34.67,112.43
34.64,112.41
34.76,113.67
34.76,113.71
34.76,113.61
34.81,113.67
34.72,113.64
34.77,113.73
34.77,113.68
34.75,113.67
34.75,113.67
34.75,113.6
34.76,113.66
34.77,113.72
34.75,113.77
34.75,113.68
34.87,113.64
34.78,113.72
34.79,113.68
34.76,113.67
32.66,110.81
30.71,111.29
30.68,111.31
30.71,111.32
30.7,111.3
30.53,114.3
30.51,114.16
30.53,114.36
30.57,114.27
30.54,114.34
30.73,114.26
30.58,114.29
30.48,114.41
30.61,114.31
30.58,114.22
30.65,114.24
30.51,114.21
30.62,114.36
30.58,114.29
30.51,114.4
30.51,114.4
30.55,114.32
30.6,114.27
30.52,114.33
30.6,114.27
30.62,114.36
30.62,114.26
30.61,114.43
30.56,114.34
30.57,114.36
30.58,114.29
30.55,114.35
30.58,114.35
30.56,114.21
30.6,114.3
30.55,114.34
30.57,114.27
30.57,114.32
30.55,114.34
30.54,114.3
30.58,114.36
30.59,114.34
30.56,114.34
30.62,114.17
30.53,114.33
30.54,114.33
30.61,114.26
30.61,114.27
30.59,114.27
30.5,114.39
30.6,114.26
30.58,114.29
30.56,114.21
30.58,114.29
30.59,114.35
30.55,114.21
30.49,114.41
30.5,114.41
30.59,114.29
30.53,114.36
30.65,114.31
30.5,114.4
30.61,114.31
30.57,114.31
30.58,114.27
30.5,114.41
30.51,114.17
30.53,114.35
30.48,114.39
30.58,114.27
30.66,114.32
30.51,114.33
32.04,112.15
32.06,112.13
32.04,112.14
30.24,115.06
29.36,113.14
29.37,113.11
27.83,113.13
27.83,113.15
27.83,112.92
27.83,112.94
26.9,112.6
26.89,112.56
26.89,112.6
28.17,112.99
28.17,113.04
28.2,112.95
28.19,112.98
28.2,113.01
28.19,112.98
28.16,112.93
28.22,112.94
28.2,112.98
28.15,113
28.22,112.95
28.25,113.09
28.14,113.04
28.14,112.99
28.11,113.01
28.2,112.97
28.19,112.97
28.2,112.97
28.17,112.99
28.22,112.93
28.19,112.97
28.18,113.03
28.2,112.86
28.22,112.99
28.19,113.22
28.19,112.98
22.93,113.89
22.82,113.68
22.83,113.68
23.04,113.78
22.97,114
22.81,113.69
23.02,113.76
23.03,113.78
22.81,114.08
23.02,113.74
22.8,113.8
23.02,113.76
22.94,113.67
23,113.74
23.01,113.76
22.72,114.21
22.93,113.89
22.91,114.06
23.04,113.73
22.81,113.82
22.94,113.66
23.01,113.76
23.04,113.77
22.93,113.66
22.97,114
23.03,113.77
22.78,114.01
23,113.75
22.93,113.93
22.91,114.01
23.02,113.79
22.51,113.4
22.52,113.37
22.52,113.39
22.53,113.38
22.69,113.23
22.51,113.38
22.67,113.25
22.52,113.37
22.5,113.42
22.51,113.38
22.61,113.19
22.92,113.27
23.04,113.16
23.12,113.01
23.03,113.14
22.79,113.29
23.04,113.12
22.83,113.27
22.94,112.99
23.01,113.11
23.03,113.14
23.17,113.21
23.01,113.11
23.17,112.89
22.95,113.24
22.95,113.11
23.05,113.16
23.18,112.9
22.83,113.27
22.84,113.26
22.97,113.02
22.87,113.08
23.16,112.89
23.03,113.11
23.03,113.11
22.92,113.27
23.06,113.16
23.03,113.12
23.01,113.1
23.03,113.11
22.76,113.27
23.03,113.16
23.01,113.23
23.06,113.15
23.14,113.28
23.12,113.32
23.12,113.34
23.1,113.24
23.13,113.32
23.13,113.35
23.14,113.29
23.18,113.27
23.03,113.33
23.1,113.32
23.12,113.34
23.11,113.25
23.1,113.29
23.28,113.82
23.13,113.32
23.13,113.3
23.13,113.31
23.09,113.31
23.12,113.32
23.39,113.31
23.13,113.33
23.13,113.26
23.1,113.27
22.99,113.27
23.11,113.24
23.12,113.32
23.13,113.33
23.12,113.32
23.12,113.32
23.13,113.32
23.17,113.47
23.14,113.27
23.13,113.29
23.14,113.33
23.1,113.31
23.14,113.34
23.13,113.3
23.12,113.32
23.17,113.27
23.12,113.32
23.12,113.33
22.94,113.37
23.13,113.34
23.09,113.27
22.92,113.36
23.13,113.57
23.13,113.32
23.14,113.29
23.13,113.34
23.13,113.32
23.11,113.27
23.14,113.28
23.1,113.33
23.14,113.32
23.18,113.32
23.09,113.3
23.14,113.34
23.12,113.32
23.14,113.33
23.39,113.3
23.13,113.33
23.11,113.31
23.13,113.36
23.14,113.32
23.13,113.26
23.28,113.82
23.11,113.32
23.14,113.33
23.12,113.33
23.08,113.28
23.13,113.32
23.14,113.26
23.13,113.28
23.12,113.33
23.12,113.27
22.94,113.39
23.12,113.27
23.12,113.25
23.39,113.31
22.95,113.36
23.1,113.36
23.11,113.24
23.09,113.27
23.14,113.33
23.15,113.32
23.12,113.33
22.92,113.35
23.14,113.33
23.17,113.27
23.12,113.32
23.12,113.33
23.09,113.28
23.14,113.29
23.18,113.27
23.4,113.23
23.13,113.27
23.12,113.4
23.15,113.32
22.8,113.53
23.13,113.33
23.19,113.33
23.01,113.35
23.13,113.27
23.16,113.26
23.14,113.36
23.13,113.28
23.09,114.4
23.1,114.42
23.07,114.41
23.12,114.42
23.07,114.42
22.79,114.45
23.08,114.42
24.27,116.14
23.37,116.75
23.36,116.72
23.39,116.71
23.47,116.76
22.62,113.08
22.52,113.04
22.77,112.98
22.6,113.08
22.58,113.08
22.61,113.08
22.72,114.25
22.72,114.24
22.49,113.92
22.54,114.09
22.55,114.06
22.65,114.21
22.66,114.07
22.52,113.9
22.58,113.88
22.52,113.93
22.52,113.99
22.54,114.11
22.55,114.1
22.62,113.82
22.54,113.98
22.52,113.94
22.76,113.86
22.5,113.92
22.54,114.05
22.54,114.05
22.62,114.06
22.61,114.3
22.53,114.05
22.53,114.05
22.54,113.93
22.54,114.12
22.54,114.02
22.54,114.11
22.59,113.97
22.63,113.81
22.53,113.97
22.5,113.94
22.63,114.06
22.58,113.89
22.53,114.03
22.72,114.07
22.54,113.95
22.54,113.96
22.54,114.1
22.51,113.94
22.57,114.14
22.55,114.1
22.74,114.08
22.61,114.13
22.53,113.93
22.55,114.12
22.68,114.12
22.54,114.11
22.54,114.12
22.54,113.92
22.63,114.03
22.63,113.81
22.54,113.98
22.56,113.91
22.54,114.12
22.63,114.02
22.69,114.23
22.54,114.06
22.58,113.86
22.53,114.06
22.51,113.93
22.57,114.06
22.54,114.08
22.52,114.05
22.54,114.08
22.57,113.91
22.66,114.02
22.52,113.94
22.54,114.1
22.52,113.94
22.63,114.04
22.54,114.12
22.61,114.03
22.62,114.07
22.54,114.08
22.54,114.11
22.52,113.95
22.61,114.14
22.6,114.31
22.56,113.88
22.52,114.06
22.55,114.06
22.54,114.06
22.7,114.05
22.56,113.91
22.6,114.05
22.56,114.13
22.55,114.24
22.48,113.92
22.55,114.09
22.72,114.27
22.56,114.04
22.54,114.11
22.54,114.11
22.52,113.93
22.73,113.8
22.54,114.12
22.54,113.99
22.54,114.02
22.68,114.14
22.55,114.13
22.55,114.05
22.54,113.98
22.54,114.02
22.76,113.85
22.54,114.08
22.52,113.94
22.55,114.12
22.54,114.05
22.58,113.94
22.54,114.01
22.54,114.06
22.55,114.13
23.71,113.01
21.25,110.4
21.2,110.41
21.21,110.4
21.27,110.37
22.28,113.58
22.22,113.55
22.24,113.59
22.25,113.59
22.26,113.53
22.23,113.54
22.21,113.53
22.22,113.51
22.22,113.51
22.27,113.53
22.25,113.57
22.23,113.55
22.27,113.51
22.26,113.58
23.05,112.47
21.85,111.97
21.47,109.11
22.83,108.37
22.81,108.39
22.81,108.39
22.61,108.17
22.81,108.37
22.81,108.38
22.81,108.4
22.82,108.37
22.81,108.32
22.83,108.29
22.87,108.29
22.81,108.39
24.29,109.39
24.3,109.41
24.32,109.44
24.33,109.44
24.31,109.41
24.32,109.41
25.24,110.32
25.27,110.29
18.23,109.64
18.27,109.5
18.22,109.52
18.25,109.51
18.31,109.41
18.26,109.5
19.53,109.59
20.02,110.35
19.98,110.28
20.02,110.37
20.03,110.34
20.06,110.34
20.03,110.32
19.94,110.46
20.05,110.35
20.02,110.34
29.56,106.46
29.58,106.5
29.63,106.53
29.6,106.51
29.54,106.51
29.56,106.58
29.58,106.53
29.56,106.46
29.58,106.58
29.54,106.52
29.53,106.57
29.53,106.56
29.64,106.57
29.59,106.53
29.53,106.57
29.58,106.53
29.58,106.55
29.58,106.53
29.56,106.58
29.61,106.51
29.61,106.55
29.51,106.52
29.71,106.64
29.54,106.51
29.61,106.29
29.47,106.48
29.51,106.51
29.6,106.3
29.58,106.53
29.58,106.53
29.56,106.58
29.53,106.57
29.56,106.57
29.52,106.52
29.58,106.53
29.63,106.57
29.39,106.54
29.56,106.58
29.56,106.58
29.55,106.59
29.72,106.63
29.6,103.72
31.13,104.39
31.16,104.42
30.55,104.07
30.65,104.06
30.56,104.05
30.55,104.04
30.58,104.07
30.58,104.06
30.57,104.07
30.99,103.64
30.64,104.05
30.67,104.11
30.62,104.07
30.68,103.97
30.65,104
30.6,103.95
30.6,104.07
30.6,104.07
30.68,104.09
30.63,104.07
30.59,104.07
30.66,104.07
30.52,104.06
30.65,104.08
30.65,104.07
30.71,104.07
30.66,104.02
30.66,104.08
30.66,104.08
30.7,104.04
30.6,103.93
30.65,104.01
30.63,104.07
30.66,104.07
30.59,104.07
30.68,103.97
30.67,104.06
30.65,104.07
30.62,104.07
30.59,104.06
30.81,103.91
30.66,104.07
30.66,104.01
30.65,104.09
30.59,104.07
30.62,104.1
30.6,104.06
30.54,103.95
30.67,104.06
30.64,104.03
30.75,103.92
30.55,104.05
30.65,104.08
30.65,104.08
30.66,104.07
30.68,103.96
30.58,103.95
30.66,104.09
30.66,104.05
30.65,104.02
30.66,104.08
30.67,104
30.59,104.06
30.64,104.09
30.65,104.07
30.62,104.06
30.57,103.99
30.68,103.86
30.72,104.04
30.63,104
30.72,103.98
30.62,104.08
30.66,104.07
30.63,104.03
30.66,104.08
30.6,104.06
30.67,103.96
30.66,104.08
30.62,104.03
30.57,104.07
30.61,104.09
30.65,104.08
30.57,104.07
30.69,104.05
30.67,104.11
30.67,104.11
30.52,103.94
30.66,104.07
30.65,104.12
30.61,104.05
30.67,104.11
30.65,104.08
30.69,104.07
30.58,104.24
30.54,104.06
30.64,104.08
30.65,104.08
30.54,104.07
30.55,104.06
30.66,104.08
31.45,104.72
31.46,104.74
31.46,104.74
26.58,106.72
26.57,106.69
26.6,106.72
26.58,106.7
26.6,106.62
26.58,106.71
26.54,106.8
26.56,106.72
26.56,106.71
26.87,100.24
26.88,100.23
25.69,100.16
25.1,102.93
25.07,102.72
25.04,102.71
25.04,102.7
25.1,102.74
25.04,102.71
24.99,102.68
24.99,102.68
25.01,102.71
25.01,102.68
25.08,102.73
25.04,102.71
24.97,102.77
25.05,102.73
25.1,102.93
25.05,102.71
25.07,102.72
25.04,102.71
24.98,102.76
24.96,102.75
25.04,102.71
34.34,108.71
34.35,107.23
34.27,108.96
34.22,108.94
34.27,108.96
34.21,108.97
34.26,108.95
34.22,108.95
34.34,108.94
34.44,108.76
34.33,108.95
34.22,108.9
34.21,108.96
34.16,108.91
34.24,108.89
34.23,108.92
34.24,108.96
34.26,108.95
34.32,108.97
34.25,109
34.17,108.87
34.23,108.9
34.26,108.95
34.36,109.17
34.29,108.95
34.23,108.97
34.23,108.9
34.2,108.99
34.26,108.94
34.21,108.96
34.22,108.96
34.24,108.89
34.34,108.94
34.34,108.95
34.39,109.29
34.23,108.9
34.24,108.95
34.22,108.95
34.26,108.95
34.19,108.88
34.25,108.91
34.34,108.94
36.06,103.86
36.06,103.82
36.05,103.84
36.64,101.72
36.63,101.76
36.63,101.76
38.49,106.25
38.46,106.28
22.28,114.17
22.28,114.17
22.28,114.19
22.28,114.18
22.28,114.18
22.28,114.18
22.28,114.19
22.28,114.15
22.27,114.24
22.29,114.19
22.33,114.15
22.29,114.16
22.28,114.16
22.32,114.17
22.32,114.27
22.28,114.18
22.28,114.18
22.27,114.25
22.36,114.13
22.31,114.19
22.33,114.18
22.28,114.17
22.38,114.11
22.34,114.26
22.28,114.16
22.29,114.15
22.29,114.16
22.3,114.18
22.28,114.16
22.34,114.14
22.24,114.15
22.32,114.2
22.29,113.94
22.4,113.97
22.29,114.15
22.3,114.17
22.32,114.21
22.39,114.19
22.28,114.16
22.36,114.11
22.45,114.04
22.3,114.17
22.28,114.16
22.26,114.24
22.3,114.16
22.31,113.93
22.32,114.17
22.27,114
22.31,113.93
22.31,114.23
22.29,114.14
22.45,114.17
22.38,114.19
22.28,114.16
22.38,114.19
22.29,114.15
22.3,114.18
22.37,114.12
22.28,114.16
22.32,113.93
22.32,114.21
22.28,114.17
22.28,114.16
22.28,114.16
22.28,114.18
22.37,114.11
22.33,114.19
22.29,114.16
22.28,114.16
22.3,114.18
22.3,114.25
22.28,114.16
22.28,114.14
22.42,114.21
22.44,114.17
22.29,114.19
22.28,114.16
22.31,113.94
22.34,114.15
22.31,114.22
22.3,114.17
22.29,114.15
22.32,114.17
22.38,114.27
22.5,114.13
22.31,113.92
22.28,114.14
22.32,113.93
22.25,114.17
22.25,114.15
22.28,114.19
22.3,114.17
22.28,114.16
22.34,114.18
22.28,114.22
22.29,114.22
22.3,114.17
22.28,114.18
22.3,114.17
22.36,114.13
22.37,114.12
22.32,114.17
22.34,114.2
22.28,114.14
22.3,114.18
22.29,114.15
22.28,114.16
22.26,114.13
22.27,114.19
22.26,114.13
22.29,114.14
22.32,113.94
22.27,114.15
22.28,114.18
